
INSERT INTO public.users (id, email, password, status, first_name, last_name, date_of_birth, present_address, permanent_address, phone_number, city, country, state, profile_picture_url, cover_picture_url, is_delete, last_login, created_at, last_modified) VALUES ('e1930b0b-1bdf-40b6-8185-c7f27686ca2d', 'john.doe@example.com', '$2a$10$N55Q48deQYIb4WKQFqpQtOsbyAzqFK2sRfkG2zB7uhzZStRac/r36', null, 'string', 'string', null, null, null, '635261389202', null, null, null, 'http://res.cloudinary.com/dunemoydy/image/upload/v1729500533/avatar/e1930b0b-1bdf-40b6-8185-c7f27686ca2d.jpg', null, false, '2024-10-25 10:40:20.667261', '2024-10-21 08:32:06.081967', '2024-10-25 10:40:20.805914');

INSERT INTO public.post (id, user_id, content, parent_post_id, is_delete, created_at, last_modified) VALUES ('7e765113-27a5-47d5-b20d-5b24328104a8', 'e1930b0b-1bdf-40b6-8185-c7f27686ca2d', 'asdksadkasjdklasd', null, false, '2024-10-21 15:17:16.058031', '2024-10-21 15:17:16.058031');
INSERT INTO public.post (id, user_id, content, parent_post_id, is_delete, created_at, last_modified) VALUES ('02232609-df96-4a6f-be70-58c0b4ef749e', 'e1930b0b-1bdf-40b6-8185-c7f27686ca2d', 'lsadjaskldjsajdaskdjsakljdsakllllllllllkssssssssssssssssssssssssssssssssssssssss', null, false, '2024-10-21 15:33:34.983193', '2024-10-21 15:33:34.983193');
INSERT INTO public.post (id, user_id, content, parent_post_id, is_delete, created_at, last_modified) VALUES ('11ae6df6-1724-4184-819d-04d7dea88218', 'e1930b0b-1bdf-40b6-8185-c7f27686ca2d', 'asdsadas', null, false, '2024-10-23 16:35:23.438577', '2024-10-23 16:35:23.438577');
INSERT INTO public.post (id, user_id, content, parent_post_id, is_delete, created_at, last_modified) VALUES ('5ae51e3c-e751-4226-8a6a-043be6c2c258', 'e1930b0b-1bdf-40b6-8185-c7f27686ca2d', 'asdsadas', null, false, '2024-10-23 16:35:31.631654', '2024-10-23 16:35:31.631654');
INSERT INTO public.post (id, user_id, content, parent_post_id, is_delete, created_at, last_modified) VALUES ('a6be6a3b-1f90-4ef4-a686-890772c445aa', 'e1930b0b-1bdf-40b6-8185-c7f27686ca2d', 'asdsadassad', '5ae51e3c-e751-4226-8a6a-043be6c2c258', false, '2024-10-23 16:36:13.400930', '2024-10-23 16:36:13.400930');
INSERT INTO public.post (id, user_id, content, parent_post_id, is_delete, created_at, last_modified) VALUES ('4505943c-1a32-4661-91bd-569a087ea438', 'e1930b0b-1bdf-40b6-8185-c7f27686ca2d', 'asdsadassad', '5ae51e3c-e751-4226-8a6a-043be6c2c258', false, '2024-10-23 16:38:27.761108', '2024-10-23 16:38:27.761108');
INSERT INTO public.post (id, user_id, content, parent_post_id, is_delete, created_at, last_modified) VALUES ('b67e1985-e8fd-4470-b4d9-d507b7305f34', 'e1930b0b-1bdf-40b6-8185-c7f27686ca2d', 'asdsadassad', null, false, '2024-10-23 16:38:42.072086', '2024-10-23 16:38:42.072086');
INSERT INTO public.post (id, user_id, content, parent_post_id, is_delete, created_at, last_modified) VALUES ('f8df5525-aeb3-4e80-bcc7-6b387f5957d8', 'e1930b0b-1bdf-40b6-8185-c7f27686ca2d', 'asdsadassaadd', null, false, '2024-10-23 16:38:51.098966', '2024-10-23 16:38:51.098966');
INSERT INTO public.post (id, user_id, content, parent_post_id, is_delete, created_at, last_modified) VALUES ('7d35d214-bc70-4a81-88ca-5c156ffc4d79', 'e1930b0b-1bdf-40b6-8185-c7f27686ca2d', 'stringasdsadadasdada', null, false, '2024-10-24 17:09:52.206348', '2024-10-24 17:09:52.206348');
INSERT INTO public.post (id, user_id, content, parent_post_id, is_delete, created_at, last_modified) VALUES ('afc11c6f-333a-4523-b9de-8ca9cc940641', 'e1930b0b-1bdf-40b6-8185-c7f27686ca2d', 'stringasdsadadasdadaasdasd', null, false, '2024-10-24 17:10:21.839831', '2024-10-24 17:10:21.839831');
INSERT INTO public.post (id, user_id, content, parent_post_id, is_delete, created_at, last_modified) VALUES ('e54d7464-96c3-4832-9f9f-fa29dcc28ea1', 'e1930b0b-1bdf-40b6-8185-c7f27686ca2d', 'stringasdsadadasdadaasdasd123', null, false, '2024-10-24 17:10:29.854878', '2024-10-24 17:10:29.854878');
INSERT INTO public.post (id, user_id, content, parent_post_id, is_delete, created_at, last_modified) VALUES ('b8e0b955-4289-41dc-a9ec-028d4c22e894', 'e1930b0b-1bdf-40b6-8185-c7f27686ca2d', 'stringasdsadadasdadaasdasd123', null, false, '2024-10-24 17:13:03.777199', '2024-10-24 17:13:03.777199');
INSERT INTO public.post (id, user_id, content, parent_post_id, is_delete, created_at, last_modified) VALUES ('d4316493-93d7-4b01-8f51-6b0dd61d84d8', 'e1930b0b-1bdf-40b6-8185-c7f27686ca2d', 'stringasdsadadasdadaasdasd123', null, false, '2024-10-24 17:13:07.715554', '2024-10-24 17:13:07.715554');
INSERT INTO public.post (id, user_id, content, parent_post_id, is_delete, created_at, last_modified) VALUES ('1b7a1d80-5115-4194-a646-910ecbbe836e', 'e1930b0b-1bdf-40b6-8185-c7f27686ca2d', 'strinasdsg', null, false, '2024-10-24 23:46:24.998752', '2024-10-24 23:46:24.998752');
INSERT INTO public.post (id, user_id, content, parent_post_id, is_delete, created_at, last_modified) VALUES ('dbef1076-88d4-4cec-a68f-f1aefd19331e', 'e1930b0b-1bdf-40b6-8185-c7f27686ca2d', 'stringasdsad', null, false, '2024-10-25 10:41:58.204567', '2024-10-25 10:41:58.204567');
INSERT INTO public.post (id, user_id, content, parent_post_id, is_delete, created_at, last_modified) VALUES ('f90a73a9-7996-4806-b091-db195c10675a', 'e1930b0b-1bdf-40b6-8185-c7f27686ca2d', 'stringasdsadasdsad', null, false, '2024-10-25 10:44:31.213742', '2024-10-25 10:44:31.213742');
INSERT INTO public.post (id, user_id, content, parent_post_id, is_delete, created_at, last_modified) VALUES ('a16e8fe1-4631-4dd3-b181-2297a52ddf12', 'e1930b0b-1bdf-40b6-8185-c7f27686ca2d', 'stringasdsadasdsadsad', null, false, '2024-10-25 10:48:08.896565', '2024-10-25 10:48:08.896565');

INSERT INTO public.media (id, post_id, media_type, media_url, is_delete, created_at, last_modified) VALUES ('ae757bff-fd64-4228-b0b1-2352c56abc5f', '7e765113-27a5-47d5-b20d-5b24328104a8', 'VIDEO', 'http://res.cloudinary.com/dunemoydy/video/upload/v1729498597/post/7e765113-27a5-47d5-b20d-5b24328104a8/ae757bff-fd64-4228-b0b1-2352c56abc5f.mp4', false, '2024-10-21 15:17:16.074023', '2024-10-21 15:17:22.393321');
INSERT INTO public.media (id, post_id, media_type, media_url, is_delete, created_at, last_modified) VALUES ('972379af-70ee-4f02-ab1a-9fe58e2dfefe', '02232609-df96-4a6f-be70-58c0b4ef749e', 'VIDEO', 'http://res.cloudinary.com/dunemoydy/video/upload/v1729499575/post/02232609-df96-4a6f-be70-58c0b4ef749e/972379af-70ee-4f02-ab1a-9fe58e2dfefe.mp4', false, '2024-10-21 15:33:34.997703', '2024-10-21 15:33:40.281289');
INSERT INTO public.media (id, post_id, media_type, media_url, is_delete, created_at, last_modified) VALUES ('a2269dcc-aa37-4ea1-951d-eae7ae8a91c3', '02232609-df96-4a6f-be70-58c0b4ef749e', 'IMAGE', 'http://res.cloudinary.com/dunemoydy/image/upload/v1729499579/post/02232609-df96-4a6f-be70-58c0b4ef749e/a2269dcc-aa37-4ea1-951d-eae7ae8a91c3.png', false, '2024-10-21 15:33:40.289397', '2024-10-21 15:33:43.211856');
INSERT INTO public.media (id, post_id, media_type, media_url, is_delete, created_at, last_modified) VALUES ('ec03413c-6d11-4ec1-88d9-d20ddd0ee924', '1b7a1d80-5115-4194-a646-910ecbbe836e', 'IMAGE', null, false, '2024-10-24 23:46:25.009325', '2024-10-24 23:46:25.009325');
INSERT INTO public.media (id, post_id, media_type, media_url, is_delete, created_at, last_modified) VALUES ('adbbdf8b-952d-4c01-80bc-bbd662ed1dc1', 'dbef1076-88d4-4cec-a68f-f1aefd19331e', 'IMAGE', null, false, '2024-10-25 10:41:58.211728', '2024-10-25 10:41:58.211728');
INSERT INTO public.media (id, post_id, media_type, media_url, is_delete, created_at, last_modified) VALUES ('7b2b521b-b757-413b-a7a1-e44eace0a6fc', 'f90a73a9-7996-4806-b091-db195c10675a', 'IMAGE', 'http://res.cloudinary.com/dunemoydy/image/upload/v1729827872/post/f90a73a9-7996-4806-b091-db195c10675a/7b2b521b-b757-413b-a7a1-e44eace0a6fc.jpg', false, '2024-10-25 10:44:31.255297', '2024-10-25 10:44:34.642363');
INSERT INTO public.media (id, post_id, media_type, media_url, is_delete, created_at, last_modified) VALUES ('ce3f9c98-934c-45c3-9507-b0205216d3f4', 'a16e8fe1-4631-4dd3-b181-2297a52ddf12', 'IMAGE', 'http://res.cloudinary.com/dunemoydy/image/upload/v1729828090/post/a16e8fe1-4631-4dd3-b181-2297a52ddf12/ce3f9c98-934c-45c3-9507-b0205216d3f4.jpg', false, '2024-10-25 10:48:08.928752', '2024-10-25 10:48:11.894574');

INSERT INTO public.boarding_house (id, user_id, boarding_house_name, present_address, ward, city, is_delete, created_at, last_modified) VALUES ('e90b07d3-d929-4314-b57c-c70a634bc2df', 'e1930b0b-1bdf-40b6-8185-c7f27686ca2d', 'boarding-house1', 'string', 'string', 'string', false, '2024-10-25 11:34:09.763176', '2024-10-25 11:34:09.763176');
INSERT INTO public.boarding_house (id, user_id, boarding_house_name, present_address, ward, city, is_delete, created_at, last_modified) VALUES ('405a0c1e-53a3-4eef-876c-de8dbf246916', 'e1930b0b-1bdf-40b6-8185-c7f27686ca2d', 'boarding-house2', 'address1', 'ward1', 'city1', false, '2024-10-25 11:39:16.655558', '2024-10-25 11:39:16.655558');

INSERT INTO public.room (id, boarding_house_id, room_name, room_rate, electric_meter_old_number, water_meter_old_number, room_status, is_delete, created_at, last_modified) VALUES ('393c358c-2f44-4f9d-89f6-91e6d93ffa58', 'e90b07d3-d929-4314-b57c-c70a634bc2df', 'room1', 0, 1000, 2000, 'ROOM_AVAILABLE', false, '2024-10-25 11:43:43.586793', '2024-10-25 11:43:43.586793');
INSERT INTO public.room (id, boarding_house_id, room_name, room_rate, electric_meter_old_number, water_meter_old_number, room_status, is_delete, created_at, last_modified) VALUES ('792b5e03-b724-4815-9aa1-2330b7197568', 'e90b07d3-d929-4314-b57c-c70a634bc2df', 'room2', 0, 1200, 2012, 'FULL_ROOM', false, '2024-10-25 11:44:08.256276', '2024-10-25 11:44:08.256276');
INSERT INTO public.room (id, boarding_house_id, room_name, room_rate, electric_meter_old_number, water_meter_old_number, room_status, is_delete, created_at, last_modified) VALUES ('c8a2404e-6259-4b50-ac56-429a962cf3d9', 'e90b07d3-d929-4314-b57c-c70a634bc2df', 'room3', 0, 12, 231, 'FULL_ROOM', false, '2024-10-25 11:44:32.992711', '2024-10-25 11:44:32.992711');
INSERT INTO public.room (id, boarding_house_id, room_name, room_rate, electric_meter_old_number, water_meter_old_number, room_status, is_delete, created_at, last_modified) VALUES ('0fc34fc6-a44d-4afe-896e-7a76b576a158', 'e90b07d3-d929-4314-b57c-c70a634bc2df', 'room4', 0, 12123, 2313, 'ROOM_AVAILABLE', false, '2024-10-25 11:45:46.840004', '2024-10-25 11:45:46.840004');
INSERT INTO public.room (id, boarding_house_id, room_name, room_rate, electric_meter_old_number, water_meter_old_number, room_status, is_delete, created_at, last_modified) VALUES ('982ba502-e745-461b-80a9-13c3e2bb0deb', '405a0c1e-53a3-4eef-876c-de8dbf246916', 'room1', 0, 123, 2313, 'ROOM_AVAILABLE', false, '2024-10-25 11:46:46.339530', '2024-10-25 11:46:46.339530');
INSERT INTO public.room (id, boarding_house_id, room_name, room_rate, electric_meter_old_number, water_meter_old_number, room_status, is_delete, created_at, last_modified) VALUES ('3dfeec0d-72ae-4408-a927-f1723c1d600a', '405a0c1e-53a3-4eef-876c-de8dbf246916', 'room2', 0, 2123, 2313, 'ROOM_AVAILABLE', false, '2024-10-25 11:46:53.442884', '2024-10-25 11:46:53.442884');
INSERT INTO public.room (id, boarding_house_id, room_name, room_rate, electric_meter_old_number, water_meter_old_number, room_status, is_delete, created_at, last_modified) VALUES ('ecc3d00e-bf34-4de6-a994-d64595f2bce2', '405a0c1e-53a3-4eef-876c-de8dbf246916', 'room3', 0, 2123, 2313, 'FULL_ROOM', false, '2024-10-25 11:47:03.025756', '2024-10-25 11:47:03.025756');
INSERT INTO public.room (id, boarding_house_id, room_name, room_rate, electric_meter_old_number, water_meter_old_number, room_status, is_delete, created_at, last_modified) VALUES ('fb7c0a53-b3a1-41e2-a4a2-f2c40ed2955b', '405a0c1e-53a3-4eef-876c-de8dbf246916', 'room4', 0, 2123, 2313, 'FULL_ROOM', false, '2024-10-25 11:47:10.910849', '2024-10-25 11:47:10.910849');

INSERT INTO public.room_setting (id, boarding_house_id, electric_bill, water_bill, created_at, last_modified) VALUES ('1d17876b-30a6-48bf-bfb8-3342eeeea824', 'e90b07d3-d929-4314-b57c-c70a634bc2df', 3000, 3000, '2024-10-25 11:43:34.972948', '2024-10-25 11:43:34.972948');
INSERT INTO public.room_setting (id, boarding_house_id, electric_bill, water_bill, created_at, last_modified) VALUES ('9ea94f03-191b-421d-b2bc-86572d6b93e7', '405a0c1e-53a3-4eef-876c-de8dbf246916', 3000, 3000, '2024-10-25 11:46:21.227881', '2024-10-25 11:46:21.227881');


INSERT INTO public.payment (id, room_id, total_amount, payment_status, created_at, last_modified) VALUES ('bdc65a04-cf68-4b1a-9563-657f0a1a8408', '393c358c-2f44-4f9d-89f6-91e6d93ffa58', 0, '1', '2024-10-25 11:43:43.597816', '2024-10-25 11:43:43.597816');
INSERT INTO public.payment (id, room_id, total_amount, payment_status, created_at, last_modified) VALUES ('80956bc0-cbe8-4f92-9c2a-036b0d94fdc6', '792b5e03-b724-4815-9aa1-2330b7197568', 0, '1', '2024-10-25 11:44:08.264612', '2024-10-25 11:44:08.264612');
INSERT INTO public.payment (id, room_id, total_amount, payment_status, created_at, last_modified) VALUES ('107da404-faf9-448e-bff7-19f69944fe2a', 'c8a2404e-6259-4b50-ac56-429a962cf3d9', 0, '1', '2024-10-25 11:44:33.000849', '2024-10-25 11:44:33.000849');
INSERT INTO public.payment (id, room_id, total_amount, payment_status, created_at, last_modified) VALUES ('a6538b2d-6ae4-4f7e-a7e7-d6bf2a312c6c', '0fc34fc6-a44d-4afe-896e-7a76b576a158', 0, '1', '2024-10-25 11:45:46.848614', '2024-10-25 11:45:46.848614');
INSERT INTO public.payment (id, room_id, total_amount, payment_status, created_at, last_modified) VALUES ('9244e084-0e89-493f-a76d-5bcc7af41242', '982ba502-e745-461b-80a9-13c3e2bb0deb', 0, '1', '2024-10-25 11:46:46.349731', '2024-10-25 11:46:46.349731');
INSERT INTO public.payment (id, room_id, total_amount, payment_status, created_at, last_modified) VALUES ('db5539db-99dd-4f4b-a689-c18cabe21a1d', '3dfeec0d-72ae-4408-a927-f1723c1d600a', 0, '1', '2024-10-25 11:46:53.449812', '2024-10-25 11:46:53.449812');
INSERT INTO public.payment (id, room_id, total_amount, payment_status, created_at, last_modified) VALUES ('60f1deb0-f32f-427d-9d52-2d1dce609f92', 'ecc3d00e-bf34-4de6-a994-d64595f2bce2', 0, '1', '2024-10-25 11:47:03.036354', '2024-10-25 11:47:03.036354');
INSERT INTO public.payment (id, room_id, total_amount, payment_status, created_at, last_modified) VALUES ('fa02d06a-c528-4a02-8ab1-c7c1d180adf1', 'fb7c0a53-b3a1-41e2-a4a2-f2c40ed2955b', 0, '1', '2024-10-25 11:47:10.918960', '2024-10-25 11:47:10.918960');

INSERT INTO public.history_room (id, room_id, electric_meter_number, water_meter_number, is_delete, created_at, last_modified) VALUES ('8392d606-37c7-40ef-a2ff-330c41b0994c', '393c358c-2f44-4f9d-89f6-91e6d93ffa58', 1000, 2000, false, '2024-10-25 11:43:43.609143', '2024-10-25 11:43:43.609143');
INSERT INTO public.history_room (id, room_id, electric_meter_number, water_meter_number, is_delete, created_at, last_modified) VALUES ('0fb0e469-f2ae-41f4-8f08-c3aef2f241e4', '792b5e03-b724-4815-9aa1-2330b7197568', 1200, 2012, false, '2024-10-25 11:44:08.267478', '2024-10-25 11:44:08.267478');
INSERT INTO public.history_room (id, room_id, electric_meter_number, water_meter_number, is_delete, created_at, last_modified) VALUES ('6a1d2508-f00e-4437-ba9a-6c2227637cf6', 'c8a2404e-6259-4b50-ac56-429a962cf3d9', 12, 231, false, '2024-10-25 11:44:33.004245', '2024-10-25 11:44:33.004245');
INSERT INTO public.history_room (id, room_id, electric_meter_number, water_meter_number, is_delete, created_at, last_modified) VALUES ('1001388f-43c9-4873-94a9-c4ce84f9617e', '0fc34fc6-a44d-4afe-896e-7a76b576a158', 12123, 2313, false, '2024-10-25 11:45:46.850622', '2024-10-25 11:45:46.850622');
INSERT INTO public.history_room (id, room_id, electric_meter_number, water_meter_number, is_delete, created_at, last_modified) VALUES ('b4936f2d-2c7e-469c-8a33-a0bfe3bdbe77', '982ba502-e745-461b-80a9-13c3e2bb0deb', 123, 2313, false, '2024-10-25 11:46:46.353273', '2024-10-25 11:46:46.353273');
INSERT INTO public.history_room (id, room_id, electric_meter_number, water_meter_number, is_delete, created_at, last_modified) VALUES ('02933eb9-4628-4780-adfc-203a99b59143', '3dfeec0d-72ae-4408-a927-f1723c1d600a', 2123, 2313, false, '2024-10-25 11:46:53.451978', '2024-10-25 11:46:53.451978');
INSERT INTO public.history_room (id, room_id, electric_meter_number, water_meter_number, is_delete, created_at, last_modified) VALUES ('5f2bde2f-af95-439d-8602-e9b720320933', 'ecc3d00e-bf34-4de6-a994-d64595f2bce2', 2123, 2313, false, '2024-10-25 11:47:03.039649', '2024-10-25 11:47:03.039649');
INSERT INTO public.history_room (id, room_id, electric_meter_number, water_meter_number, is_delete, created_at, last_modified) VALUES ('1ec1e616-3694-4043-b7b2-e302ee475aa5', 'fb7c0a53-b3a1-41e2-a4a2-f2c40ed2955b', 2123, 2313, false, '2024-10-25 11:47:10.921338', '2024-10-25 11:47:10.921338');

INSERT INTO public."like" (id, user_id, post_id, last_modified, created_at) VALUES ('96838f65-a04e-4f3f-bcb0-03540ec24032', 'e1930b0b-1bdf-40b6-8185-c7f27686ca2d', '7e765113-27a5-47d5-b20d-5b24328104a8', '2024-10-21 15:53:53.903129', '2024-10-21 15:53:53.903129');

INSERT INTO public.setting (id, key, value, created_at, last_modified) VALUES ('a66aa00d-db57-41ce-a2e6-73699318d0a9', 'MAX_REPORTS', '5', '2024-10-21 13:48:55.034981', '2024-10-21 13:48:55.034981');
INSERT INTO public.setting (id, key, value, created_at, last_modified) VALUES ('f362ab8c-af3e-47ff-9665-fd85eb046ddd', 'APPROVE_TIME', '100000', '2024-10-21 13:49:17.053450', '2024-10-21 13:49:17.053450');

